<?xml version="1.0" encoding="UTF-8"?>

<!-- Use Case: B 
    Mockup: A vital signs panel with 2 vital signs(Palpitations and Breathlessness)
    Template: Heart Rate Rhythm under the Vital Signs Section
    Source: Heart Rate Rhythm. (2018). Hl7.org. http://cdasearch.hl7.org/examples/view/Vital%20Signs/Heart%20Rate%20Rhythm

-->

<!-- Generic CDA for a vital signs -->

<!-- We have added the schema for the document to be well formed -->

<entry typeCode="COMP" xmlns:xsi="http://www.w3.org/2001/XMLSchema-instance">
    <!--  The type code is COMP, which implies it has one or more observations in the study -->
    <!-- When a set of vital signs are recorded together, include them in single clustered organizer-->
    
    <!-- As per the assignment instruction document nothing was written to change in the organizer tag so changing nothing inside it -->
    
    <organizer classCode="CLUSTER" moodCode="EVN">
        <!--  CLUSTER classscode is given because of two vital signs which are palpitations and breathlesness and moddcode is EVN as the event has already occured -->
        
        <!-- templateId is an OID to this template -->
        <!-- Not Changing template ID. -->
        
        <templateId root="2.16.840.1.113883.10.20.22.4.26"/>
        <templateId root="2.16.840.1.113883.10.20.22.4.26" extension="2015-08-01"/>
        
        <!-- Unique ID for the Individual patient -->
        <id extension="21688133041015158234"
            root="2.16.840.1.113883.3.42.126.100001.19"/>
        <code code="46680005" displayName="Vital Signs" codeSystem="2.16.840.1.113883.6.96"
            codeSystemName="SNOMED CT">
            <!-- 4668005 is the SNOMED CT code for vital signs -->
            
            <!-- /entry/organizer/component/observation says what this document is about. 
			code=document term code, SNOMED-CT code for tachycardia,
			displayName = history name
			codeSystem = document terminology OID, 
			codeSystemName = document terminology name -->
            
        </code>
        
        <!-- The code attribute of <statusCode> for all severity observations in our case vital signs is changed to be completed as it has been already been reported -->
        <statusCode code="completed"/>
        <!-- Since no date is given in our usecase so, changing effectiveTime to current date in format yyyymmdd -->      
        <effectiveTime value="20221108"/>
        
        <!-- Each vital sign should be its own component. -->
        <component>
            <!-- The first vital sign observation is Palpitations -->
            <observation classCode="OBS" moodCode="EVN">
                <!-- OBS is an observation of an event and the observed event is Palpitations in this use case and EVN is event  -->
                
                <!-- templateId is an OID to this template -->
                <!-- Not Changing template ID. -->
                
                <templateId root="2.16.840.1.113883.10.20.22.4.27"/>
                <templateId root="2.16.840.1.113883.10.20.22.4.27" extension="2022-11-06"/>
                
                <!-- Unique ID for the Individual patient -->
                <id extension="216881330410151584"
                    root="2.16.840.1.113883.3.42.126.100001.19"/>
                
                <!-- 88104-5 is the LOINC code for palpitations -->
                
                <!-- /entry/organizer/component/observation says what this document is about. 
			code=document term code, LOINC code for tachycardia,
			displayName = first vital sign name
			codeSystem = document terminology OID, 
			codeSystemName = document terminology name -->
                
                <code code="88104-5" codeSysteem="2.16.840.1.113883.6.1" codeSystemName="LOINC"
                    displayName="Palpitations"/>
                <statusCode code="completed"/>
                
                <!-- Effective times can be either a value or interval. As per the use case the patient has been experiencing symptoms for the past 6 months thus keeping in the format yyyymmdd -->
                <effectiveTime value="20220507"/>
                <!-- Here IVL is interval of Palpitations and the value is 12 as it occurs 12 times of heart flutters a day -->
               <value xsi:type="IVL" value="12" unit="/day" >    
               </value>
            </observation>
        </component>
        
        <!-- Each vital sign should be its own component. -->
        <component>    
            <!-- The second vital sign observation is Breathlessness -->
            <!-- OBS is an observation of an event and the observed event is Breathlessness in this use case and EVN is event  -->
            <observation classCode="OBS" moodCode="EVN">
                
                <!-- templateId is an OID to this template -->
                <!-- Not Changing template ID. -->
                <templateId root="2.16.840.1.113883.10.20.22.4.2"/>
                <templateId root="2.16.840.1.113883.10.20.22.4.2" extension="2022-11-06"/>
                
                <!-- Unique ID for the Individual patient -->
                <id extension="216881330410151"
                    root="2.16.840.1.113883.3.42.126.100001.19"/>
                
                <!-- /entry/organizer/component/observation says what this document is about. 
			code=document term code, LOINC code for tachycardia,
			displayName = second vital sign name
			codeSystem = document terminology OID, 
			codeSystemName = document terminology name -->
                
                <code xsi:type="CE" codeSystem="2.16.840.1.113883.6.1"
                    codeSystemName="LOINC"
                    code="64113-4" displayName="Breathlessness"/>
                <!-- 64113-4 is the LOINC code for Breathlessness --> 
                <statusCode code="completed" />
                <effectiveTime value="20220507" />
                <value xsi:type="CE" codeSystem="2.16.840.1.113883.6.96"
                    codeSystemName="SNOMED CT" code="267036007"
                    displayName="Breatlessness"/>
                <!-- 267036007 is the SNOMED CT code for Breathlessness -->
            </observation>
        </component>
    </organizer>
</entry>

<!-- References -->

<!-- HL7 FHIR: HL7 v3 code system actClass. (2019, November 1). HL7.org. https://www.hl7.org/fhir/v3/ActClass/cs.html -->
<!-- HL7 OID Registry. (n.d.). https://www.hl7.org/Oid/menu.cfm -->
<!-- Marquard, B. (2018, July 12). Vital signs section: Heart rate rhythm. cdasearch.hl7.org. http://cdasearch.hl7.org/examples/view/Vital%20Signs/Heart%20Rate%20Rhythm -->
<!-- Mood Codes - Communities - OpenHIE Wiki. (n.d.). https://wiki.ohie.org/display/SUB/Mood+Codes -->
<!-- Heart Rate Rhythm. (2018). Hl7.org. http://cdasearch.hl7.org/examples/view/Vital%20Signs/Heart%20Rate%20Rhythm -->
