<?xml version="1.0" encoding="UTF-8"?>

<!-- Use Case: B 
    Mockup: After conducting the physical examination, the physician ordered a sample of the patient's blood for examination for procedure
    Template: Procedures Section Observation Entry under the Procedures tab
    Source: http://cdasearch.hl7.org/examples/view/Procedures/Procedures%20Section%20Procedure%20Entry
    Change log used: Changelog for templates containing procedure items
-->

<!-- Generic CDA for a procedure conducted -->

<!-- We added @typeCode as "DRIV" because as per the usecase, given the history and the findings on physical examination, the physician suspected that the patient was anemic and ordered a sample of her blood for examination. 
      and we have added the schema for the document to be well formed -->
	<entry typeCode="DRIV" xmlns:xsi="http://www.w3.org/2001/XMLSchema-instance">
		
		<!-- Procedures should be used for care that directly changes the patient's physical state.-->
		<!-- The moodCode = EVN was selected because the event of ordering the blood sample after the physical examination has occurred -->
		<!-- The classCode = ACT was selected because a procedure of ordering the blood sample has been done after the physical examination. -->
		<procedure moodCode="EVN" classCode="ACT">
			
			<!-- templateId is an OID to this template -->
			<!-- Not Changing template ID. -->
			
			<templateId root="2.16.840.1.113883.10.20.22.4.14" />
			<templateId root="2.16.840.1.113883.10.20.22.4.14" extension="2014-06-09"/>
			
			<!-- This is a Unique ID for the collection of procedures under the "Procedures Section Observation" tab -->
			<id root="64af26d5-88ef-4169-ba16-c6ef16a1824f"/>
			
			<!-- Identifies this subject as a generic 'Procedure' and this code actually describes the procedure conducted after the physical examination-->
			<!-- /entry/procedure says what this document is about. 
			code=document term code, SNOMED-CT code for blood sample specimen,
			displayName = name of the procedure
			codeSystem = document terminology OID, 
			codeSystemName = document terminology name -->
			<code code="119297000" displayName="Ordering of blood sample specimen"
				codeSystem="2.16.840.1.113883.6.96" codeSystemName="SNOMED-CT">
			</code>
			<!-- The code attribute of <statusCode> for all severity observations in our case ordering of blood sample is changed to be completed as it has been already conducted -->			
			<statusCode code="completed"/>
			<!-- Effective times can be either a value or interval. Since no date is given in our usecase so, changing effectiveTime to current date in format yyyymmdd -->
			<effectiveTime xsi:type="20221107">
				<!-- The <low> element records the provision care or symptoms experienced. As per the use case the patient has been experiencing symptoms for the past 6 months -->
				<low value="20220507"/>
				<!-- <high> element records the ending date of care provision. There is no end date provided in the use case this declaring it as UNK = Unknown  -->
				<high value="UNK"/>
			</effectiveTime>
		</procedure>
	</entry>

<!-- References: 
     - ActClass - FHIR v4.0.1. (n.d.). Www.hl7.org. Retrieved November 7, 2022, from https://www.hl7.org/fhir/v3/ActClass/cs.html
     - Hl7 oid registry. (n.d.). Retrieved November 6, 2022, from https://www.hl7.org/Oid/menu.cfm
     - Mood codes. OpenHIE Wiki. (n.d.). Retrieved November 10, 2021, from https://wiki.ohie.org/display/SUB/Mood+Codes.
     - HL7 C-CDA Example Search. (n.d.). Cdasearch.hl7.org. http://cdasearch.hl7.org/
	 - Procedures Section Procedure Entry. (2014). Hl7.org. http://cdasearch.hl7.org/examples/view/Procedures/Procedures%20Section%20Procedure%20Entry
	 - Procedures section procedure entry. (n.d.). HL7 C-CDA Example Search. https://cdasearch.hl7.org/examples/view/Procedures/Procedures%20Section%20Procedure%20Entry
	 - CDA Header Content Modules - IHE Wiki. (n.d.). Wiki.ihe.net. Retrieved November 8, 2022, from https://wiki.ihe.net/index.php/CDA_Header_Content_Modules#.3CeffectiveTime.3E.3Clow_value.3D.22.22.2F.3E.3Chigh_value.3D.22.22.2F.3E.3C.2FeffectiveTime.3E

-->