<?xml version="1.0" encoding="UTF-8"?>

<!-- Use Case: B 
    Mockup: Patient has a history of tachycardia
    Template: Family History Generic under the Family History Section
    Source: http://cdasearch.hl7.org/examples/view/Family%20History/Family%20History%20Generic
-->

<!-- Generic CDA for a history of patient -->

<!-- We added @typeCode as "DRIV" as according to the usecase the history of having tachycardia leads to the suspection of anemia 
      and we have added the schema for the document to be well formed -->
<entry typeCode="DRIV" xmlns:xsi="http://www.w3.org/2001/XMLSchema-instance">
    <!-- As per the assignment instruction document nothing was written to change in the organizer tag so changing nothing inside it -->
    <organizer classCode="OBS" moodCode="EVN">
        <!-- Not Changing template ID. -->
        <!-- templateId is an OID to this template -->
        
        <templateId root="2.16.840.1.113883.10.20.22.4.45"/>
        <templateId root="2.16.840.1.113883.10.20.22.4.45" extension="2015-08-01"/>
        <!-- Unique ID for the Individual patient -->
        <id root="01faa204-3333-4610-864f-cb50b650d0fa" />
        <statusCode code="completed"/>
        <subject>
            <relatedSubject classCode="PRS">
                <!-- The usecase is talking about the history of the patient herself so using @code as "ONESELF"-->
                <code code="ONESELF" codeSystem="2.16.840.1.113883.5.111" codeSystemName="HL7 RoleCode" displayName="Individual Patient" />
                <!-- No additional subject information is necessary, since we are not talking about an individual person -->
            </relatedSubject>
        </subject>
        <!-- Tachycardia observation -->
        <component>
            <!-- Class code should be OBS as it was observed in the examination results that the patient had history of tachycardia -->
            <!-- Mood Code is EVN as the event of examination occured that showed that the patient had history of tachycardia -->
            <observation classCode="OBS" moodCode="EVN">
                <!-- Not Changing template ID. -->
                <templateId root="2.16.840.1.113883.10.20.22.4.46"/>
                <templateId root="2.16.840.1.113883.10.20.22.4.46" extension="2015-08-01"/>
                <!-- Unique ID for this individual observation -->
                <id root="02faa204-3333-4610-864f-cb50b650d0fa" />
                <!-- Code. Changing this to reflect SNOMED CT code for the observation tachycardia -->
                
                <!-- /entry/organizer/component/observation says what this document is about. 
			code=document term code, SNOMED-CT code for tachycardia,
			displayName = history name
			codeSystem = document terminology OID, 
			codeSystemName = document terminology name -->
                
                <code code="3424008" codeSystem="2.16.840.1.113883.6.96" displayName="Tachycardia" codeSystemName="SNOMED-CT" >
                </code>
                <!-- The code attribute of <statusCode> for all severity observations in our case tachycardia is changed to be completed as it has been already observed -->
                <statusCode code="completed"/>
                <!-- Since no date is given in our usecase so, changing effectiveTime to current date in format yyyymmdd -->
                <effectiveTime value="20221106"/>
                <!-- As tachycardia is an observation in our usecase so the value tag records relevant findings-->
                <!-- The <value> element contains the clinical status and it is always represented using the CE datatype (xsi:type='CE') and
                    we use the code here "255227004" as the clinical status is recurrent for tachycardia -->
                <value xsi:type="CE" code="255227004" codeSystem="2.16.840.1.113883.6.96" displayName="Tachycardia (disorder)">
                </value>
            </observation>
        </component>
    </organizer>
</entry>

<!-- References: 
     - HL7.TERMINOLOGY\RoleCode - FHIR v4.0.1. (n.d.). Retrieved November 6, 2022, from https://terminology.hl7.org/CodeSystem-v3-RoleCode.html 
     - HL7 CDA example search. Family History Generic. (n.d.). Retrieved November 6, 2022, from http://cdasearch.hl7.org/examples/view/Family%20History/Family%20History%20Generic 
     - CDA entry content modules. CDA Entry Content Modules - IHE Wiki. (n.d.). Retrieved November 6, 2022, from https://wiki.ihe.net/index.php/CDA_Entry_Content_Modules#.3Cvalue_xsi:type.3D.27CD.27_code.3D.27H.7CM.7CL.27_codeSystem.3D.272.16.840.1.113883.5.1063.27_codeSystemName.3D.27SeverityObservation.27.3E 
     - Hl7 oid registry. (n.d.). Retrieved November 6, 2022, from https://www.hl7.org/Oid/menu.cfm  
     - Mood codes. OpenHIE Wiki. (n.d.). Retrieved November 10, 2021, from https://wiki.ohie.org/display/SUB/Mood+Codes. 
     - 4.4.2.6 HL7 v3 code system ActClass. ActClass - FHIR v4.0.1. (n.d.). Retrieved November 6, 2022, from https://www.hl7.org/fhir/v3/ActClass/cs.html 
     - Centers for Disease Control and Prevention. (n.d.). Public Health Information Network Vocabulary Access and Distribution System (PHIN VADS). Centers for Disease Control and Prevention. Retrieved November 6, 2022, from https://phinvads.cdc.gov/vads/ViewCodeSystemConcept.action?oid=2.16.840.1.113883.6.96&amp;code=3424008 
-->